{
    "shelf-narrow_01": {
        "offset": [
            0.003865626873448491,
            0.9498109221458435
        ],
        "scale": [
            0.13049654918722808,
            0.04388082027435303
        ]
    },
    "shelf-narrow_02": {
        "offset": [
            0.1569308638572693,
            0.9324289560317993
        ],
        "scale": [
            0.13049659132957458,
            0.04388093948364258
        ]
    },
    "shelf-large_01": {
        "offset": [
            0.47631096839904785,
            0.3899623155593872
        ],
        "scale": [
            0.2419191598892212,
            0.08595049381256104
        ]
    },
    "shelf-small_01": {
        "offset": [
            0.7929677367210388,
            0.8629389405250549
        ],
        "scale": [
            0.14532512426376343,
            0.08521896600723267
        ]
    },
    "shelf-small_02": {
        "offset": [
            0.003862142562866211,
            0.8552123308181763
        ],
        "scale": [
            0.14534145593643188,
            0.0852285623550415
        ]
    },
    "shelf-small_03": {
        "offset": [
            0.725949764251709,
            0.3899603486061096
        ],
        "scale": [
            0.14534622430801392,
            0.08523136377334595
        ]
    },
    "shelf-small_04": {
        "offset": [
            0.809270977973938,
            0.09845264256000519
        ],
        "scale": [
            0.14533782005310059,
            0.08522637188434601
        ]
    },
    "shelf-small_05": {
        "offset": [
            0.8092730045318604,
            0.19304722547531128
        ],
        "scale": [
            0.14533782005310059,
            0.08522635698318481
        ]
    },
    "shelf-small_06": {
        "offset": [
            0.3374251127243042,
            0.8667925000190735
        ],
        "scale": [
            0.14533305168151855,
            0.08522379398345947
        ]
    },
    "shelf-small_07": {
        "offset": [
            0.8092767000198364,
            0.2876419425010681
        ],
        "scale": [
            0.145332932472229,
            0.0852234959602356
        ]
    },
    "shelf-small_08": {
        "offset": [
            0.18437421321868896,
            0.8378409147262573
        ],
        "scale": [
            0.14532560110092163,
            0.08521914482116699
        ]
    },
    "shelf-small_09": {
        "offset": [
            0.6399028301239014,
            0.6737451553344727
        ],
        "scale": [
            0.14534616470336914,
            0.0852312445640564
        ]
    },
    "shelf-small_10": {
        "offset": [
            0.7929695248603821,
            0.6737406849861145
        ],
        "scale": [
            0.14533346891403198,
            0.08522385358810425
        ]
    },
    "shelf-small_11": {
        "offset": [
            0.7929697036743164,
            0.7683356404304504
        ],
        "scale": [
            0.14533352851867676,
            0.08522385358810425
        ]
    },
    "shelf-small_12": {
        "offset": [
            0.8092764616012573,
            0.0038635581731796265
        ],
        "scale": [
            0.1453331708908081,
            0.08522365987300873
        ]
    },
    "shelf-small_13": {
        "offset": [
            0.49048399925231934,
            0.9092687368392944
        ],
        "scale": [
            0.145335853099823,
            0.08522528409957886
        ]
    },
    "shelf-small_14": {
        "offset": [
            0.6399102807044983,
            0.8629369735717773
        ],
        "scale": [
            0.14533352851867676,
            0.0852237343788147
        ]
    },
    "shelf-small_15": {
        "offset": [
            0.6399120092391968,
            0.768342137336731
        ],
        "scale": [
            0.14533567428588867,
            0.08522534370422363
        ]
    },
    "shelf-large_02": {
        "offset": [
            0.6399103403091431,
            0.5791515707969666
        ],
        "scale": [
            0.24191665649414062,
            0.08594954013824463
        ]
    },
    "shelf-large_03": {
        "offset": [
            0.24880528450012207,
            0.2548302710056305
        ],
        "scale": [
            0.24191933870315552,
            0.08595052361488342
        ]
    },
    "shelf-large_04": {
        "offset": [
            0.6399104595184326,
            0.48455995321273804
        ],
        "scale": [
            0.24191665649414062,
            0.08594971895217896
        ]
    },
    "shelf-wall-small_01": {
        "offset": [
            0.4859590530395508,
            0.4845547080039978
        ],
        "scale": [
            0.14622622728347778,
            0.37650686502456665
        ]
    },
    "shelf-wall-small_02": {
        "offset": [
            0.5013717412948608,
            0.0038611183408647776
        ],
        "scale": [
            0.146226167678833,
            0.3765068759676069
        ]
    },
    "shelf-wall-small_03": {
        "offset": [
            0.6553246378898621,
            0.003856699215248227
        ],
        "scale": [
            0.14622819423675537,
            0.3765117123257369
        ]
    },
    "shelf-wall-large": {
        "offset": [
            0.003865657141432166,
            0.003864812199026346
        ],
        "scale": [
            0.23721729428507388,
            0.37650413578376174
        ]
    },
    "centre-piece": {
        "offset": [
            0.004913782235234976,
            0.3893347978591919
        ],
        "scale": [
            0.472028607968241,
            0.4693372845649719
        ]
    },
    "till-table": {
        "offset": [
            0.24880513548851013,
            0.0038603725843131542
        ],
        "scale": [
            0.24484577775001526,
            0.2414073315449059
        ]
    }
}