{
    "centre-piece": {
        "offset": [
            0.005863010883331299,
            0.12998491525650024
        ],
        "scale": [
            0.9855643510818481,
            0.8640377521514893
        ]
    },
    "shelf-wall-large": {
        "offset": [
            0.27740880846977234,
            0.46844229102134705
        ],
        "scale": [
            0.3194068372249603,
            0.20124319195747375
        ]
    },
    "till-table": {
        "offset": [
            0.34992948174476624,
            0.005862593650817871
        ],
        "scale": [
            0.21430864930152893,
            0.21171072125434875
        ]
    },
    "painting-1": {
        "offset": [
            0.005864202976226807,
            0.8485080003738403
        ],
        "scale": [
            0.044767558574676514,
            0.04472041130065918
        ]
    },
    "painting-2": {
        "offset": [
            0.5459105372428894,
            0.806586742401123
        ],
        "scale": [
            0.04476255178451538,
            0.0447162389755249
        ]
    },
    "painting-3": {
        "offset": [
            0.9384123086929321,
            0.7434640526771545
        ],
        "scale": [
            0.04476732015609741,
            0.04472041130065918
        ]
    },
    "deli-pc": {
        "offset": [
            0.9238258004188538,
            0.005861818790435791
        ],
        "scale": [
            0.05200999975204468,
            0.05138316750526428
        ]
    },
    "deli-pc-screen": {
        "offset": [
            0.9640194177627563,
            0.565377414226532
        ],
        "scale": [
            0.029824554920196533,
            0.021585822105407715
        ]
    },
    "fridge-body": {
        "offset": [
            0.005896358285099268,
            0.005860829725861549
        ],
        "scale": [
            0.331506313290447,
            0.3307164963334799
        ]
    },
    "fridge-door": {
        "offset": [
            0.34484127163887024,
            0.2308380901813507
        ],
        "scale": [
            0.1432354748249054,
            0.1407756209373474
        ]
    },
    "frame-1": {
        "offset": [
            0.27872374653816223,
            0.34580278396606445
        ],
        "scale": [
            0.04848313331604004,
            0.025418519973754883
        ]
    },
    "frame-2": {
        "offset": [
            0.5441448092460632,
            0.6816993355751038
        ],
        "scale": [
            0.04847705364227295,
            0.02541530132293701
        ]
    },
    "frame-3": {
        "offset": [
            0.22840768098831177,
            0.9616748094558716
        ],
        "scale": [
            0.0484771728515625,
            0.025415360927581787
        ]
    },
    "shelf-narrow_01": {
        "offset": [
            0.8159849643707275,
            0.7434645295143127
        ],
        "scale": [
            0.11070632934570312,
            0.03722614049911499
        ]
    },
    "shelf-narrow_02": {
        "offset": [
            0.8412973880767822,
            0.8602312803268433
        ],
        "scale": [
            0.11071783304214478,
            0.03722989559173584
        ]
    },
    "shelf-large_01": {
        "offset": [
            0.6085376143455505,
            0.553200900554657
        ],
        "scale": [
            0.20523440837860107,
            0.07291680574417114
        ]
    },
    "shelf-small_01": {
        "offset": [
            0.7117283344268799,
            0.09016698598861694
        ],
        "scale": [
            0.12330436706542969,
            0.07230603694915771
        ]
    },
    "shelf-small_02": {
        "offset": [
            0.7133203744888306,
            0.38277530670166016
        ],
        "scale": [
            0.12329274415969849,
            0.07229918241500854
        ]
    },
    "shelf-small_03": {
        "offset": [
            0.5459571480751038,
            0.72227543592453
        ],
        "scale": [
            0.12329679727554321,
            0.07230156660079956
        ]
    },
    "shelf-small_04": {
        "offset": [
            0.7117295861244202,
            0.17447954416275024
        ],
        "scale": [
            0.12329304218292236,
            0.07229912281036377
        ]
    },
    "shelf-small_05": {
        "offset": [
            0.711725652217865,
            0.005864500999450684
        ],
        "scale": [
            0.12329679727554321,
            0.07230138778686523
        ]
    },
    "shelf-small_06": {
        "offset": [
            0.14088399708271027,
            0.6807895302772522
        ],
        "scale": [
            0.1233004778623581,
            0.07230359315872192
        ]
    },
    "shelf-small_07": {
        "offset": [
            0.27590933442115784,
            0.6816913485527039
        ],
        "scale": [
            0.12330019474029541,
            0.07230347394943237
        ]
    },
    "shelf-small_08": {
        "offset": [
            0.41093364357948303,
            0.6816980838775635
        ],
        "scale": [
            0.12330028414726257,
            0.07230347394943237
        ]
    },
    "shelf-small_09": {
        "offset": [
            0.005862593650817871,
            0.679894745349884
        ],
        "scale": [
            0.12329286336898804,
            0.07229912281036377
        ]
    },
    "shelf-small_10": {
        "offset": [
            0.27589139342308044,
            0.7660043239593506
        ],
        "scale": [
            0.12329691648483276,
            0.07230138778686523
        ]
    },
    "shelf-small_11": {
        "offset": [
            0.14087897539138794,
            0.7651025652885437
        ],
        "scale": [
            0.1232968270778656,
            0.07230156660079956
        ]
    },
    "shelf-small_12": {
        "offset": [
            0.4109042286872864,
            0.7660059928894043
        ],
        "scale": [
            0.12329685688018799,
            0.07230162620544434
        ]
    },
    "shelf-small_13": {
        "offset": [
            0.005864322185516357,
            0.764202892780304
        ],
        "scale": [
            0.12329292297363281,
            0.07229924201965332
        ]
    },
    "shelf-small_14": {
        "offset": [
            0.608534574508667,
            0.6379656791687012
        ],
        "scale": [
            0.12329673767089844,
            0.07230174541473389
        ]
    },
    "shelf-small_15": {
        "offset": [
            0.6809710264205933,
            0.722275972366333
        ],
        "scale": [
            0.12329703569412231,
            0.07230150699615479
        ]
    },
    "shelf-large_02": {
        "offset": [
            0.6085371971130371,
            0.4684399366378784
        ],
        "scale": [
            0.20523446798324585,
            0.0729169249534607
        ]
    },
    "shelf-large_03": {
        "offset": [
            0.4998004138469696,
            0.33723658323287964
        ],
        "scale": [
            0.2052467167377472,
            0.07292145490646362
        ]
    },
    "shelf-large_04": {
        "offset": [
            0.27740320563316345,
            0.38367700576782227
        ],
        "scale": [
            0.2052469253540039,
            0.07292133569717407
        ]
    },
    "shelf-wall-small_01": {
        "offset": [
            0.5759544968605042,
            0.005863621830940247
        ],
        "scale": [
            0.12405335903167725,
            0.31941603124141693
        ]
    },
    "shelf-wall-small_02": {
        "offset": [
            0.14163056015968323,
            0.34941327571868896
        ],
        "scale": [
            0.12405362725257874,
            0.31941598653793335
        ]
    },
    "shelf-wall-small_03": {
        "offset": [
            0.005861520767211914,
            0.3485115170478821
        ],